Nome,Status,País,Estado,Cidade,Endereço,"Telefone 1","Telefone 2",Site,E-mail
"Lady Decor Pisos e Acabamentos",publish,Brasil,"Santa Catarina","Porto União","R. Gen. Borman, 289","(42) 3522-2973",,,
"Fineto Acabamentos",publish,Brasil,"Rio Grande do sul",Gramado,"Av. Das Hortências, 4700 - Gramado/RS","(54) 99155-6034",,https://www.instagram.com/finetoacabamentos/,
"Revstimentta Acabamentos",publish,Brasil,"São Paulo",Santos,"Av. Washington Luís, 412, Gonzaga - Santos/SP","(13) 3222 8684",,,
"Comercial Aluminox",publish,Brasil,"Minas Gerais","Montes Claros","Av. Deputado Esteves Rodrigues, 1350 - Montes Claros/MG","(38) 3221 1053","(38) 3222 5209",https://aluminoxacabamentos.com/," aluminox@terra.com.br"
"Spazzio Materiais de Construções LTDA",publish,Brasil,"Minas Gerais","Montes Claros","Av. João XXIII, 2220 - Montes Claros/MG","(38) 9 9911 7337","(38) 3214-0466",,
"Pizzo Construções e Acabamentos",publish,Brasil,"Minas Gerais",Janaúba," Av. Mal. Deodoro da Fonseca, 276 - Centro, Janaúba - MG, 39440-000 ","(38) 3821 3371","(38) 9883 75058",https://pizzoacabamentos.com.br/,
Dekasa,publish,Brasil,"Rio Grande do sul",Santiago,"Rua Tito Beccon, 1196 - Santiago/RS","(55) 3251 1264",,https://www.instagram.com/dekasasantiago/,
"Formatto – Construção e Acabamentos - Santa Rosa",publish,Brasil,"Rio Grande do sul","Santa Rosa","Av. Tuparendi, 1965 - Santa Rosa/RS","(55) 3512 4207",,https://formatto.ca/,
"JANECO ACABAMENTOS E REVESTIMENTOS",publish,Brasil,"Rio Grande do sul","Santa Rosa","Av. Expedicionário Weber, 584 - Santa Rosa/RS","(55) 3512 6377",,https://www.janeco.com.br/,
"Stato Gres",publish,Brasil,"Rio Grande do sul","Porto Alegre","Av. Assis Brasil, 5509 - Porto Alegre/RS","(51) 3340 0809",,,
"Tumelero Medianeira",publish,Brasil,"Rio Grande do sul","Porto Alegre","Av. Dr. Carlos Barbosa, 1137 - Porto Alegre/RS","(51) 3218 2900",,,
"Tumelero Shopping Tottal",publish,Brasil,"Rio Grande do sul","Porto Alegre","Av. Cristovão Colombo, 545 - Porto Alegre/RS","(51) 3369 5200",,,
"Tumelero Ipiranga",publish,Brasil,"Rio Grande do sul","Porto Alegre","Av. Ipiranga, 6777 - Porto Alegre/RS","(51) 3320 4450",,,
"Serra Pisos",publish,Brasil,"Rio de Janeiro",Teresópolis,"Av. Alberto Torres, 1034 - Teresópolis/RJ","(21) 3642 6200",,,
"Akhenaton Acabamentos",publish,Brasil,"Rio Grande do sul","Passo Fundo","Av. Dr. Álvaro Severo de Miranda, 1066 - Cidade Nova, Passo Fundo - RS","(54) 3317 1016",,http://instagram.com/akhenatonacabamentos/,
"Construpiso Acabamentos",publish,Brasil,"Rio Grande do sul","Novo Hamburgo","R. Vinte e Cinco de Julho, 1208 - Sala 1 - Rio Branco, Novo Hamburgo - RS","(51) 3527-3286",,https://www.instagram.com/construpisoacabamentos/,
"Greda Acabamentos",publish,Brasil,"Rio Grande do sul",Montenegro,"Rua Buarque de Macedo, 333 - Montenegro/RS","(51) 3649 2046",,https://www.instagram.com/gredarevestimentos,
"São Roque Acabamentos",publish,Brasil,"Rio Grande do sul",Encantado,"RS 129, KM 72 - Encantado/RS","(51) 3751 3364",,https://www.saoroqueacabamentos.com.br/,
"A Casa Acabamentos",publish,Brasil,"Rio Grande do sul","Caxias do Sul","Rua Guerino Sanvitto, 942 - Caxias do Sul/RS","(54) 3538 7300",,https://www.instagram.com/acasa.acabamentos/,
"Vivaz Ambientação",publish,Brasil,Paraíba,"Campina Grande","Av Marechal Floriano Peixoto, 1064 - Campina Grande/PB","(83) 3063 1280",,vivazambientacao.com.br,jackson@vivazambientacao.com.br
"Azurre – Durr Com. de Acab. e Decoração",publish,Brasil,"Rio de Janeiro","Rio de Janeiro","Av. das Américas, 500, Bloco 4 Loja 116 - Rio de Janeiro/RJ","(21) 3139 3436",,,azurre01@yahoo.com.br
Vilarejo,publish,Brasil,"Rio de Janeiro",Niterói,"Rua Dr. Tavares de Macedo, 237 - Niterói/RJ","(21) 2711 2939",,,
"Bonatto Savassi",publish,Brasil,"Minas Gerais","Belo Horizonte","Av. do Contorno, 6.605	– Belo Horizonte/MG","(31) 3227 4994",,bonattoacabamentos.com.br,
Vilarejo,publish,Brasil,"Rio de Janeiro","Rio das Ostras","Rod. Amaral Peixoto, 1700 - Rio das Ostras/RJ","(22) 2764 0500",,,
Vilarejo,publish,Brasil,"Rio de Janeiro",Macaé,"Rua Carlos Augusto Tinoco Garcia, 1100 - Macaé/RJ","(22) 2765 9100",,,
Belíssimo,publish,Brasil,"Minas Gerais","Belo Horizonte","Av. Uruguai, 284, Sion - Belo Horizonte/MG","(31) 3308 8188",,belissimobanheiros.com.br,contato@belissimobanheiros.com.br
Vilarejo,publish,Brasil,"Rio de Janeiro","Campos dos Goytacazes","Av. 24 de Outubro, 222 - Campos dos Goytacazes/RJ","(22) 2739 9100","0800 8789321",,
Vilarejo,publish,Brasil,"Rio de Janeiro","Cabo Frio","Av. Júlia Kubitschek, 58 - Cabo Frio/RJ","(22) 2647 9100",,,
"Espaço Ideal",publish,Brasil,"São Paulo",Campinas,"Av. Coronel Silva Teles, 903, Cambuí - Campinas/SP","(19) 3365 5305",,,roberto@espacoideal.com
Vilarejo,publish,Brasil,"Rio de Janeiro",Araruama,"Av. Amaral Peixoto, KM 86 - Araruama/RJ","(22) 2664 0058",,,
"Portoanália Revestimentos",publish,Brasil,"São Paulo","São Paulo","Rua Nestor de Barros, 296, Anália Franco - São Paulo/SP","(11) 2673 5464",,,
"Alianda Com. de Pisos e Azulejos",publish,Brasil,"Santa Catarina",Criciúma,"Av. Centenário, 242 - Sala 02, Pinheirinho - Criciúma/SC","(48) 3438 1753",,https://www.alianda.com.br/,sandrofontana@alianda.com.br
"Intimée Banho e Revestimentos",publish,Brasil,"São Paulo","São Paulo","Av. Otto Baumgart, 500 - Shopping Lar Center - LJ 209, Santana - São Paulo/SP","(11) 2252 2817","(11) 2252-3045",http://www.intimee.com.br/,intimeelc@intimee.com.br
"Arte Pedras",publish,Brasil,Amazonas,Manaus,"Av Pedro Teixeira, 2200, Dom Pedro - Manaus/AM","(66) 3545-1298",,,artepedras@hotmail.com
"Interbagno D&D",publish,Brasil,"São Paulo","São Paulo","Av. das Nações Unidas, 12555 Brooklin - São Paulo - SP","(11) 3043 9150",,,
"Aquarela Materiais",publish,Brasil,Amazonas,Manaus,"Av. Djalma Batista, 105, Chapada	- Manaus/AM","(92) 3236 5321","(92) 3236 8656",,vendas@aquarelamanaus.com.br
"Swiss Revestimentos",publish,Brasil,"São Paulo","São Paulo","Pça. General Polidoro, 27, Aclimação - São Paulo/SP","(11) 3207 5385",,https://swissrevestimentos.com.br/,
"Arquiteto Home",publish,Brasil,"Mato Grosso",Sorriso,"Av. Tancredo Neves, 2803 - Sorriso/MT","(66) 3545 1298",,,
"Perfetta Acabamentos",publish,Brasil,"São Paulo","São Paulo","Av. Dr. Candido Motta Filho, 232, Vila São Francisco - São Paulo/SP","(11) 2362 5875",,https://www.perfettaacabamentos.com.br/,
"Maxibanho Tatuapé II",publish,Brasil,"São Paulo","São Paulo","Rua Itapura, 1284 Tatuapé - São Paulo - SP","(11) 2093 7636",,,
"Arquiteto Home",publish,Brasil,"Mato Grosso",Sinop,"Rua Colonizador Enio Pipino, 2627 - Sinop/MT","(65) 3549 9100",,,
"Staccato Revestimentos - Gabriel Monteiro",publish,Brasil,"São Paulo","São Paulo","Al. Gabriel Monteiro da Silva, 783, Jardim América -São Paulo/SP","(11) 3061 3336",,,
"Arquiteto Home",publish,Brasil,"Mato Grosso","Nova Mutum","R dos Amapas, 194 - Nova Mutum/MT","(65) 3611 5000",,,
"Arquiteto Home",publish,Brasil,"Mato Grosso","Lucas do Rio Verde","Av. Rio Grande do Sul, 672E - Lucas do Rio Verde/MT","(65) 3622 4540",,,
"Barotti Design",publish,Brasil,"São Paulo","São Bernardo do Campo","Rua Santos Dumont, 18, Centro - São Bernardo do Campo/SP","(11) 2534 7000",,barottidesign.com.br,atendimento@barottidesign.com.br
"Reserva Acabamentos",publish,Brasil,"Mato Grosso",Cuiabá,"Rua Hermenegildo de Carvalho, 100 - Cuiabá/MT","(65) 3358 3167",,reservaacabamentos.com.br,
"Impermix Chamsse - Espaço Impermix",publish,Brasil,Paraná,Curitiba,"Alameda Dr. Carlos de Carvalho, 2320, Batel - Curitiba/PR","(41) 3013 2641",,impermix.com.br,lu.impermix@impermix.com.br
"Maxibanho Tatuapé I",publish,Brasil,"São Paulo","São Paulo","Rua Serra de Japi, 851 Tatuapé - São Paulo - SP","(11) 4330 0938",,,
"Hifen Materiais de Construção",publish,Brasil,"Santa Catarina","Jaraguá do Sul","Rua Cel Procopio Gomes de Oliveira, 430 - Jaraguá do Sul/SC","(47) 3054 5200",,,
"Pastilhacor Santos",publish,Brasil,"São Paulo",Santos,"Av. Dr. Epitácio Pessoa, 275,Embaré - Santos/SP","(13) 3236 8260",,,
"Maxibanho Santo André",publish,Brasil,"São Paulo","Santo André","Rua das Figueiras, 467 Centro - Santo André - SP","(11) 4427 4309",,,
"Elaine Acabamentos",publish,Brasil,"Santa Catarina",Mafra,"BR 280, Km 160 - Mafra/SC","(47) 3643 0018",,elaineacabamentos.com.br,contato@elaineacabamentos.com.br
"Fascino Homeware",publish,Brasil,"Santa Catarina",Chapecó,"Av. Nereu Ramo, 1710E, Passo dos Fortes - Chapecó/SC","(49) 3330 2700",,,
"Construbel Acabamentos",publish,Brasil,Paraná,"Francisco Beltrão","Rua Clevelandia, 2196 - Francisco Beltrão/PR","(46) 3523 6116",,,
"Decoratti Acabamentos",publish,Brasil,Paraná,"Dois Vizinhos","Rua Oswaldo Aranha, 800  - São Francisco de Assis, - Dois Vizinhos/PR","(46) 3536 5702",,https://www.decorattiacabamentos.com.br/,contato@decorattiacabamentos.com.br
"TK Acabamentos",publish,Brasil,Paraná,Cascavel,"Rua Paraná, 1735 - Cascavel/PR","(45) 3222 1044",,https://tkacabamentos.webradiosite.com/,
"Artemag Pedras Polidas",publish,Brasil,"Santa Catarina",Criciúma,"Av. Santos Dumont, 2020, São Luiz - Criciúma/SC","(48) 3437 5790",,,
"QG Comércio de Material de Construção Eirelli (Espaço Revestt)",publish,Brasil,Paraíba,Cabedelo,"Rua José Rubenildo da Silva, 202, Renascer - Cabedelo/PB","(83) 3247 5881",,,
"Detalhes Acabamentos",publish,Brasil,"Santa Catarina",Concórdia,"Rua Carlos Gomes, 143, Centro - Concórdia/SC","(49) 3442 4884",,,
"Revest Home Decor",publish,Brasil,"São Paulo",Taubaté,"Av. Prof. Walter Taumaturgo, 656, Jd. Das Nações - Taubaté/SP","(12) 3681 3571",,,
"Bonato Materiais de Construção",publish,Brasil,"Santa Catarina",Joaçaba,"Av. XV de novembro, 318, Centro- Joaçaba/SC","(49) 3522 1244",,bonato.com.br,bonato@bonato.com.br
"Top Mármore",publish,Brasil,"São Paulo","São Paulo","Av. Zaki Narchi, 1506, Santana - São Paulo/SP","(11) 2304 1626",,,
"Interbagno - Gabriel Monteiro",publish,Brasil,"São Paulo","São Paulo","Al. Gabriel Monteiro da Silva, 770, Jardim América - São Paulo/SP","(11) 3081 2664",,,
"Ofício e Design",publish,Brasil,"Santa Catarina",Joinville,"Rua Araranguá, 116 Loja 02, América - Joinville/SC","(47) 3433 8325",,oficioedesign.com.br,
"C3 Metais",publish,Brasil,"São Paulo","São Paulo","R. Dr. Alceu de Campos Rodrigues, 322 - Vila Nova Conceição, 04544-000 São Paulo/SP","(11) 3031 9976","(11)97376 4284",https://c3metais.com.br/,vendasonline@c3metais.com.br
"Volare Comercio Varejista",publish,Brasil,"Santa Catarina","Balneário Camboriú","Rua 3300, 380 Sala 2, Centro - Balneário Camboriú/SC","(47) 3366 1033",,volareacabamentos.com.br,contato@volareacabamentos.com.br
"Rifiniture Casa e Office",publish,Brasil,"São Paulo","São Paulo","Rua Maria Curupaiti, 1203 Santana - São Paulo - SP","(11) 2977 9233",,,
"Tanto Quanto Revestimentos e Acabamentos",publish,Brasil,"Rio de Janeiro","Rio de Janeiro","Av. Ayrton Senna, 2150 - Rio de Janeiro - RJ 22775-003","(21) 3976 9909",,,
"Ibiza Alpha",publish,Brasil,"São Paulo","São Paulo","Alameda Araguaia, 272 - Loja 8 Alphaville - Barueri - SP",,,,
"Ekko Revestimentos",publish,Brasil,"Rio de Janeiro","Rio de Janeiro","Rua Visconde de Pirajá, 102 - Rio de Janeiro/RJ","(21) 3439 8010",,,
"Staccato Revestimentos - Shopping D&D",publish,Brasil,"São Paulo","São Paulo","Av. das Nações Unidas, 1255, Brooklin - São Paulo/SP","(11) 2828 9742",,,
"Desjoyaux Piscinas",publish,Brasil,Pernambuco,Recife,"Av. República do Líbano, 251, Sala 1303, Pina - Recife/PE","(81) 98854 4562",,,info@desjoyaux.com.br
"Desjoyaux Piscinas",publish,Brasil,"Santa Catarina","Balneário Camboriú","Av. do Estado, 4770 - Balneário Camboriú/SC","(47) 3248 3595",,desjoyaux.com.br,bc@desjoyaux.com.br
"Horus Moema",publish,Brasil,"São Paulo","São Bernardo do Campo","Al. Dos Nhambiquaras, 2443 Moema - São Paulo - SP","(11) 2355 4594",,,
"Desjoyaux Piscinas",publish,Brasil,"Rio de Janeiro","Rio de Janeiro","Av. Ayrton Senna, 2150 - Rio de Janeiro - RJ, 22775-003","(21) 2108 6550",,desjoyaux.com.br,info@desjoyaux.com.br
"Desjoyaux Piscinas",publish,Brasil,Paraná,Curitiba,"Av. Saldanha Marinho, 1487, Batel - Curitiba/PR","(41) 3121-7799",,,curitiba@piscinasdesjoyaux.com.br
"Horus Acabamentos - Santo André",publish,Brasil,"São Paulo","Santo André","Av. dos Estados, 6630, Parque Central - Santo André/SP","(11) 4472 7256",,https://www.horusacabamentos.com.br/,
"Zart Home Design",publish,Brasil,"Rio Grande do sul","Porto Alegre","Av. Plínio Brasil Milano, 1689 -Porto Alegre/RS","(51) 3010-3600",,https://www.facebook.com/zarthomedesign/?locale=pt_BR,monica@zart.net.br
"Studio Composé Pisos e Revestimentos",publish,Brasil,"São Paulo","Mogi das Cruzes","Pça. Norival Gonçalves Tavares, 241, Pq Monte Líbano - Mogi das Cruzes/SP","(11) 2629 2355",,studiocompose.com.br,contato@studiocompose.com.br
"Dom Gabriel",publish,Brasil,"Mato Grosso",Rondonópolis,"Rua Fernando Correa da Costa, 1904 - Rondonópolis/MT","(66) 3426 9001",,,
Revestique,publish,Brasil,Sergipe,Aracaju,"Av. Delmiro Gouveia, 2990, Coroa do Meio - Aracaju/SE","(79) 3194 2850","(79) 99137 1165",,
"Comapa Materiais de Construção",publish,Brasil,"Mato Grosso",Rondonópolis,"Rua Fernando Correa da Costa, 2623, Vila Andreia - Rondonópolis/MT","(66) 3411 6500",,,carvalho@comapa.com.br
"Staccato Revestimentos - Cotia",publish,Brasil,"São Paulo",Cotia,"Av. São Camilo, 384, Granja Viana - Cotia/SP","(11) 93015-0323","(11) 93369-3811",https://www.staccatorevestimentos.com.br/,staccatowebsite@gmail.com
"Bloo Acessórios de Decoração",publish,Brasil,Paraná,"Ponta Grossa","Av. Ernesto Vilela, 364, Centro - Ponta Grossa/PR","(42) 3028 4343",,,bloobanho@gmail.com.br
"Celta Acabamentos",publish,Brasil,Paraná,Guarapuava,"Rua Azevedo Portugal, 1536, Centro - Guarapuava/PR","(42) 3035 2500",,,loja@celtaacabamentos.com.br
"Água do Vale",publish,Brasil,"Santa Catarina","Balneário Camboriú","Av. Marginal Oeste, 1065 - Balneário Camboriú/SC","(47) 3367 1649",,http://www.aguadovalepiscinas.com.br/,atendimento@aguadovalepiscinas.com.br
Volare,publish,Brasil,"Santa Catarina","Balneário Camboriú","Rua 3300, 380, Centro - Balneário Camboriú/SC","(47) 3366 1033","(47) 99738-3766",https://revestimentosemoferta.com.br/,contato@volareacabamentos.com.br
"Hidroforma Metais e Revestimentos - Juvevê",publish,Brasil,Paraná,Curitiba,"Rua Augusto Stresser, 1172 - Curitiba/PR","(41) 3079 3250",,,atendimento@hidroforma.com.br
"Push Metais",publish,Brasil,"São Paulo","São Paulo","Rua Paes Leme, 340, Pinheiros - São Paulo/SP","(11) 3031 3354",,pushmetais.com.br,atendimento@pushmetais.com.br
"Urban Acabamento",publish,Brasil,Goiás,Goiânia,"R. 88, 606 - Goiânia/GO","(62) 3095 4818","(62) 99277 0504",,
"Casa Serra",publish,Brasil,"Rio Grande do sul",Gramado,"Av. Das Hortências, 5525 - Gramado/RS","(54) 3286 6500",(54)96239470,https://www.casaserra.com.br/,financeiro@casaserraacabamentos.com.br
"Estiloluz Ambientes",publish,Brasil,Goiás,Jataí,"Av. Veriano de Oliveira Lima, 2273 - Jataí/GO	","(64) 3636 4838",,,
"Sol e Ar Comercial",publish,Brasil,"Minas Gerais","Lagoa Santa","Rua Comandante Vitor, 376, Santos Dumont - Lagoa Santa - Minas Gerais | 33239-258","(31) 3681 6423",,https://solear.com.br/,contato@solearlagoasanta.com.br
Bonatto,publish,Brasil,"Minas Gerais",Contagem,"Av. Princesa Isabel, 173 - Contagem/MG","(31) 3365 5222",,,
"Tonetto & Trova LTDA",publish,Brasil,"São Paulo",Limeira,"Rua Vicente de Felice, 580 - Limeira/SP","(19) 3513 9111",,,
"Tonetto & Trova LTDA",publish,Brasil,"São Paulo",Araras,"Rua Mario Arthur Michielin, 390 - Araras/SP","(19) 3541-6214","(19) 3543-3500",https://loja.tonettoetrova.com.br/,ecommerce@tonettoetrova.com.br
"Emporium Frei Caneca",publish,Brasil,"Rio de Janeiro","Rio de Janeiro","Rua Nascimento Silva, 244, Ipanema - Rio de Janeiro/RJ","(21) 3442 2111",,,
"Superfície Revestimentos Especiais",publish,Brasil,"Espírito Santo",Vitória,"Av. Rio Branco, 641, Santa Lúcia - Vitória/ES","(27) 2142 7727",,,
"Emporium Frei Caneca",publish,Brasil,"Rio de Janeiro","Rio de Janeiro","Av. Ayrton Senna, 2150 - Rio de Janeiro - RJ 22775-003","(21) 2493 2111",,,
"Spazio Duo",publish,Brasil,"Rio de Janeiro","Rio de Janeiro","Av. Ayrton Senna, 1850, loja 111 - Rio de Janeiro/RJ","(21) 2430 3170 ",,,
"Emidio Pais",publish,Brasil,"Espírito Santo",Vitória,"Av. Leitão da Silva, 600, Santa Lúcia - Vitória/ES","(27) 3325 0707",,,
"Nicetubs Vila Prudente",publish,Brasil,"São Paulo","São Paulo","Rua Chamantá, 1216, Vila Prudente - São Paulo/SP","(11) 2062 4037",,https://www.nicetubs.com.br/,
"Casa Blanca",publish,Brasil,"Rio de Janeiro",Niterói,"Av. Rui Barbosa, 503, São Francisco - Niterói/RJ","(21) 3617 5559",,,
"Ankaa Materiais de Construção",publish,Brasil,"Rio de Janeiro","Armação dos Búzios","Av. José Bento Ribeiro Dantas, 5533 - Armação dos Búzios/RJ","(22) 98802 0442",,,
"Castellar - Severo Rios Acabamentos",publish,Brasil,"Minas Gerais","Belo Horizonte","Av. Pres. Tancredo Neves, 5137,  Castelo - Belo Horizonte/MG","(31) 3476 6997",,https://castellarbh.com.br/,castellar@castellarbh.com.br
"Piso Show Tere Materiais de Construção",publish,Brasil,"Rio de Janeiro",Teresópolis,"Av. Alberto Torres, 1034- Alto - Teresópolis/RJ","(21) 3643 2869",,,
"Redemac - Maggicon",publish,Brasil,"Rio Grande do sul",Torres,"Av. Barão do Rio Branco, 910, Centro - Torres/RS","(51) 3626 2500",,https://redemac.com.br/,
"Daronco Materiais de Construção",publish,Brasil,"Rio Grande do sul","Cruz Alta","R. Borges do Canto, 194, Gobbo - Cruz Alta/RS","(55) 3322 6055",,https://www.daroncocruzalta.com.br/,
"B Design",publish,Brasil,Alagoas,Maceió,"R. Profa. Maria Esther da Costa Barros, 282, Jatiúca - Maceió/AL","(82) 98200 1931",,,
"Bigolin Materiais Para Construção",publish,Brasil,"Mato Grosso",Cuiabá,"Av. Carmindo de Campos, 1000, Jardim Petrópolis - Cuiabá/MT","(65) 3615-9000",,http://www.bigolinacabamentos.com.br/site/,
Profatto,publish,Brasil,"Santa Catarina",Florianópolis,"Rod. Jorn Mauricio Sirotsky Sobrinho, 5894, Jurere - Florianópolis/SC","(48) 3207 8685",,,
Elevato,publish,Brasil,"Rio Grande do sul","São Lourenço do Sul","Rua Coronel Alfredo Born, 642 - São Lourenço do Sul/RS","(53) 3251 1459",,,
Elevato,publish,Brasil,"Rio Grande do sul",Canguçu,"Av. Fernando Osório, 1339 - Canguçu/RS","(53) 3252 1157",,,
Elevato,publish,Brasil,"Rio Grande do sul","São Leopoldo","Av. João Correa, 345 - São Leopoldo/RS","(51) 3550 1313",,,
Elevato,publish,Brasil,"Rio Grande do sul",Xangri-lá,"Av. Paraguassu, 5163, Centro - Xangri-lá/RS","(51) 3014 7653",,,
Elevato,publish,Brasil,"Rio Grande do sul","Novo Hamburgo","Av. Doutor Mauricio Cardoso, 1235, Centro - Novo Hamburgo/RS","(51) 3380 1313",,,
"Elevato - Amber Acabamentos",publish,Brasil,"Rio Grande do sul",Lajeado,"Av. Benjamin Constant, 1617 - Lajeado/RS","(51) 3726 3313",,,
"TK Acabamentos",publish,Brasil,Paraná,Londrina,"Av. Tiradentes, 1670 - Rodocentro - Londrina/PR","(43) 3372 1500",,,
"TK Acabamentos",publish,Brasil,Paraná,Umuarama,"Av. Castelo Branco, 5101, Zona VI - Umuarama/PR","(44) 3624 9916",,,
"Costaneira - F19",publish,Brasil,"Rio Grande do sul","Passo Fundo","Av. Brasil Leste, 1402, Petrópolis - Passo Fundo/RS","(54) 3311 4544",,,
"Toque Divino Acabamento",publish,Brasil,Paraná,"Passo Fundo","Av. 7 de Setembro, 166,Centro - Passo Fundo/RS","(54) 3945 3887",,facebook.com/pg/TDAcabamentos,toquedivinoacabamentos@gmail.com
"Elevato Materiais de Construção e Decoração Ltda - Camaquã",publish,Brasil,"Rio Grande do sul",Camaquã,"R. Capitão Adolfo Castro, 295 - Camaquã/RS","(51) 3671 4933",,,camaqua@elevato.com.br
"São Geraldo Lago",publish,Brasil,"Distrito Federal",Brasília,"SHIS Qi5 conj. 09 - Brasília/DF",(61)3257-9956,,,
"Minha Casa Revestimentos e Decorações",publish,Brasil,"São Paulo","Ribeirão Preto","Av. Senador Cesar Vergueiro 591 - Ribeirão Preto/SP","(16) 3623 3196",,,
"Lady Home",publish,Brasil,"Santa Catarina","Porto União","Rua Quinze de Novembro, 151, Centro - Porto União/SC","(42) 3522 3045",,,
"Jordan Piscinas",publish,Brasil,"Rio de Janeiro","Rio de Janeiro","Rua Cuba, 73 – Penha - Rio de Janeiro/RJ","(21) 2270 7639","(21) 3738 5251",,jpiscinas@gmail.com
"Costaneira - F16",publish,Brasil,"Rio Grande do sul","Caxias do Sul","R. Visconde de Pelotas, 280 - Caxias do Sul/RS","(54) 3223 2583",,,vendas.caxias@costaneira.com.br
"Revest Acabamentos - Matriz",publish,Brasil,Paraná,Maringá,"Av. Colombo, 4864, Zona 07 - Maringá/PR","(44) 3026 4733",,revestacabamentos.com.br/,revest@revestacabamentos.com.br
"Revest Acabamentos",publish,Brasil,Paraná,Paranavaí,"Av. Deputado Heitor Alencar Furtado, 8200 - Jardim Santos Dumont, Paranavaí - PR, 87706-000","(44) 3141 5100",,revestacabamentos.com.br/,revest@revestacabamentos.com.br
"Revest Red",publish,Brasil,Paraná,Maringá,"Av. Tiradentes, 775 - Zona 01, Maringá - PR, 87013-260","(44) 3029 1600",,,
"CASA OBJETO",publish,Brasil,Paraná,Maringá,"R. Assunção, 167, Parque Guanabara - Londrina/PR","(43) 3336 4568",,,
"BEIRA RIO MAT. CONST.",publish,Brasil,Paraná,"Porto Rico","R. Antônio Corsetti, 2458, Centro - Porto Rico/PR","(44) 3427 1113",,,
"MAISON DU BANHO",publish,Brasil,"Santa Catarina","Balneário Camboriú","Terceira Avenida, 2060 - Balneário Camboriú/SC","(47) 3393 6500",,maisondubanho.com.br/,contato@maisondubanho.com.br
"MARCHE OBJETOS",publish,Brasil,"Santa Catarina","Balneário Camboriú","Terceira Avenida, 2340 - Balneário Camboriú/SC","(47) 3361 0315",,marcheobjetos.com.br/,contato@marcheobjetos.com.br
"DR Hidráulica",publish,Brasil,"Rio Grande do sul",Gramado,"Av. Borges de Medeiros, 1314 - Gramado/RS","(54) 3295 7800",,https://www.drhidraulica.com.br/,
"Foppa e Cia Ltda",publish,Brasil,"Rio Grande do sul",Guaporé,"Rua Guilherme Mantese, 180 - Guaporé/RS","(54) 3443 1463",,,foppa@foppa.com.br
"Costaneira - F01",publish,Brasil,"Rio Grande do sul",Lajeado,"BR-386, Km 346 - São Cristóvão, Lajeado - RS","(51) 3710 1811",,,
"Del Lama Revestimentos",publish,Brasil,"São Paulo","Ribeirão Preto","Av. Dr. Plínio de Castro Prado 900 - Ribeirão Preto/SP","(16) 3627 3700",,https://www.dellama.com.br/,
"Espaço Deca",publish,Brasil,"São Paulo","Ribeirão Preto","Av. Dr. Celso Charuri 6465 - Ribeirão Preto/SP","(16) 3628 7097",,,
"Florença Acabamentos (Colormix)",publish,Brasil,"São Paulo","Ribeirão Preto","Rua Inácio Luiz Pinto 611 - Ribeirão Preto/SP","(16) 3325 6714",,https://colormix.com.br/,
Hidroserra,publish,Brasil,"Rio Grande do sul","Nova Petrópolis","Av. 15 de Novembro, 2892 - Nova Petrópolis/RS","(54) 3281 2133",,https://www.facebook.com/hidroserranp/,contato@hidroserra.com.br
"Home Acabamentos",publish,Brasil,"São Paulo",Bebedouro,"Av.Raul Furquim 1010 - Bebedouro/SP","(17) 3342 5700",,,
"J.O. Centro Serra",publish,Brasil,"Rio Grande do sul",Sobradinho,"Euclides Bento Pereira, 567 - Sobradinho/RS","(51) 3500-6981",,https://www.jocentroserra.com.br/,
"Vendramin Mat. Constr. Ltda",publish,Brasil,"Rio Grande do sul","Nova Prata","Av. Presidente Vargas, 227 - Nova Prata/RS","(54) 3242 2700",,,
"Elevato Materiais de Construção e Decoração Ltda - Pelotas",publish,Brasil,"Rio Grande do sul",Pelotas,"Av. Fernando Osório, 735 - Pelotas/RS","(53) 3227 8734",,,
"Necar Materiais de Construção",publish,Brasil,"Rio Grande do sul","Antônio Prado","R. Sete de Setembro, 128 - FÁTIMA, Antônio Prado - RS","(54) 3293-2757",,https://www.instagram.com/necaracabamentos/,
"Dema Revestimentos e Acabamentos",publish,Brasil,"Rio Grande do sul","Bento Gonçalves","Av. Osvaldo Aranha, 1422 - Bento Gonçalves/RS","(54) 3452 5511",,https://dema.com.br/,"dema@dema.com.br "
"Schuster & Medeiros e cia Ltda",publish,Brasil,"Rio Grande do sul",Carazinho,"Av. Flores da Cunha, 3980 - Carazinho/RS","(54) 3329-7600",,https://www.facebook.com/schusteremedeiros,acabamentos@schustermedeiros.com.br
"Arte Casa Comércio de Materiais de Construção",publish,Brasil,"Rio Grande do sul","Caxias do Sul","Av. Itália, 118 - Caxias do Sul/RS","(54) 3221 1737",,https://artecasars.com.br/,artecasars@terra.com.br
"Casa Serra Comércio de Materias para Construção",publish,Brasil,"Rio Grande do sul","Caxias do Sul","Rua Vereador Mário Pezzi, 429 - Caxias do Sul/RS","(54) 3028 0208",,https://www.casaserra.com.br/,vendaonline@casaserra.com.br
"Bello Bagno",publish,Brasil,"Rio Grande do sul","Caxias do Sul","Av. Therezinha Pauleti Sanvitto, 152 - Caxias do Sul/RS",(54)3028-8982,,https://www.bellobagno.com.br/,bellobagno.cxs@bellobagno.com.br
"Decorarte Materiais para Construção",publish,Brasil,"Rio Grande do sul","Caxias do Sul","Rua Feijó Jr , 935 - Caxias do Sul/RS","(54) 3028-5030",,https://www.instagram.com/decorarte.caxias/,vendas@decorartecaxias.com.br
"Maison Cappelletti",publish,Brasil,"Rio Grande do sul","Caxias do Sul","Rua Marechal Floriano, 120 - Caxias do Sul/RS","(54) 3223-1422",,https://www.instagram.com/maison_cappelletti/,maisoncaxias@terra.com.br
"Carvalho Materiais de Construção",publish,Brasil,"Rio Grande do sul",Erechim,"Rua Marcos Ochoa, 253 - Erechim/RS","(54) 3522-2700",,www.carvalhomateriais.com.br,acabamento@carvalhomateriais.com.br
"Bello Bagno",publish,Brasil,"Rio Grande do sul",Farroupilha,"Rua Julio de Castilhos, nº 1260, Centro - Farroupilha/RS","(54) 3268 6580",,https://www.bellobagno.com.br/,bellobagno.far@bellobagno.com.br
"Friza Store",publish,Brasil,"Rio Grande do sul",Garibaldi,"Rua Buarque de Macedo, 899 - Garibaldi/RS","54 98434 6776",,www.frizastore.com.br,livandro@friza.net
"Bel Mondo Materiais de Construção",publish,Brasil,"Rio Grande do sul",Guaporé,"Av. Silvio Sanson, 1975 - Guaporé/RS","54 99917-6270",,https://www.instagram.com/belmondoconstrucao/,belmondoguapore@gmail.com
"Schirmann Home Center",publish,Brasil,"Rio Grande do sul",Ijuí,"Rua 13 de maio, 855 - Ijuí/RS","(55) 3332 0700",,https://www.schirmann.com.br/,compras1@schirmann.com
"Lojas Fricke - Ijuí",publish,Brasil,"Rio Grande do sul",Ijuí,"Rua Alvaro Chaves, 286 - Ijuí/RS","(55) 3332 9000",,https://www.loja.fricke.com.br/,
Plamacol,publish,Brasil,"Rio Grande do sul",Ivoti,"Av. Presidente Lucena, 1603 - Ivoti/RS","(51) 3563 1290",,https://www.plamacol.com.br/,plamacol@plamacol.com.br
"Costaneira F07",publish,Brasil,"Rio Grande do sul","Novo Hamburgo","Rua 24 de Maio, 66 - Novo Hamburgo/RS","(51) 3594 9111",,,novohamburgo@costaneira.com.br
"Macopan Materiais de Construção",publish,Brasil,"Rio Grande do sul","Passo Fundo","Av. Brasil Leste, 565 - Passo Fundo/RS","(54) 3311 3900",,https://www.macopan.com.br/site/,macopan@macopan.com.br
"Bello Bagno",publish,Brasil,"Rio Grande do sul","Porto Alegre","Av. Cristovão Colombo, 1128 - Porto Alegre/RS","(51) 3346 5888","(54) 98114-1507",https://www.bellobagno.com.br/,contato@bellobagno.com.br
"Costaneira Premium - F23",publish,Brasil,"Rio Grande do sul","Porto Alegre","Av. Dr Nilo Peçanha, 2218, Boa Vista - Porto Alegre/RS","(51) 3384 4600",,,
"Elevato Casa Shop",publish,Brasil,"Rio Grande do sul","Porto Alegre","Av. Bento Gonçalves, 1414 - Porto Alegre/RS","(51) 3384 5710",,,casashop@elevato.com.br
"Elevato Matriz",publish,Brasil,"Rio Grande do sul","Porto Alegre","Av. Forte, 490 - Porto Alegre/RS","(51) 3349 0200",,,matriz@elevato.com.br
"Elevato Wenceslau",publish,Brasil,"Rio Grande do sul","Porto Alegre","Av. Wenceslau Escobar, 1820 - Porto Alegre/RS","(51) 3268 0200",,,wenceslau@elevato.com.br
Ladrilhart,publish,Brasil,"Rio Grande do sul","Porto Alegre","Rua Quintino Bocaiúva, 844 - Porto Alegre/RS","(51) 3061 1131",,https://ladrilhart.com.br/,
"Tumelero Casa Shop",publish,Brasil,"Rio Grande do sul","Porto Alegre","Av. Bento Gonçalves, 1414 - Porto Alegre/RS","(51) 3320 2900",,,ger0183@tumelero.com.br
"Tumelero Centro",publish,Brasil,"Rio Grande do sul","Porto Alegre","Rua Conceição, 283 - Porto Alegre/RS","(51) 3254 7050",,,ger0116@tumelero.com.br
"Tumelero Cristal",publish,Brasil,"Rio Grande do sul","Porto Alegre","Av. Icarai, 1719 - Porto Alegre/RS","(51) 3243 8050",,,ger0086@tumelero.com.br
"Tumelero Ipanema",publish,Brasil,"Rio Grande do sul","Porto Alegre","Av. Eduardo Prado, 1730 - Porto Alegre/RS","(51) 3245 7250",,,ger0612@tumelero.com.br
"Costaneira F03",publish,Brasil,"Rio Grande do sul","Santa Cruz do Sul","Rua Fernando Abott, 585 - Santa Cruz do Sul/RS","(51) 3713 2111",,,santacruz@costaneira.com.br
"JO Materiais Hidráulicos e Acabamentos",publish,Brasil,"Rio Grande do sul","Santa Cruz do Sul","Rua Julio de Castilhos, 801 - Santa Cruz do Sul/RS","(51) 3056-8200",,https://www.instagram.com/joacabamentos?igshid=YmMyMTA2M2Y%3D,deise@joacabamentos.com.br
"Costaneira F14",publish,Brasil,"Rio Grande do sul","Santa Maria","Av. Angelo Bolsoni, 1201 - Santa Maria/RS","(55) 3211 2111",,,adjuntof14@costaneira.com.br
"Fermak Acabamentos",publish,Brasil,"Rio Grande do sul",Soledade,"Av. Pinheiro Machado, 1024 - Soledade/RS","(54) 3381 2507",,https://www.fermak.com.br/,Vendas2@fermak.com.br
"Batezini Material de Construção Ltda",publish,Brasil,"Rio Grande do sul",Soledade,"Av. Pinheiro Machado, 1060 - Soledade/RS","(54) 3381 4148",,www.batezini.com.br,batezini@batezini.com.br
Innovare,publish,Brasil,Alagoas,Maceió,"Av. Almirante Alvaro Calheiros, 1030 - Maceió/AL","(82) 3235 4222",,,lojainnovare1@gmail.com
"São Geraldo",publish,Brasil,"Distrito Federal",Brasília,"SIA Trecho 02 LTS 905/915/925 - Brasília/DF","(61) 3233-4122",(61)99904-2196,https://www.saogeraldo.com/,compras@saogeraldo.com
"A Mundial Ferragens",publish,Brasil,"Minas Gerais",Barbacena,"Rua Marechal Floriano Peixoto, 186 - Barbacena/MG","(32) 3332 1894",,,compras3@mundialacabamentos.com.br
"A Mundial Ferragens",publish,Brasil,"Minas Gerais","Juiz de Fora","Av. Independência, 3040 - Juiz de Fora/MG","(32) 3218 4499",,,compras3@mundialacabamentos.com.br
"A Mundial Ferragens",publish,Brasil,"Minas Gerais",Ubá,"Av. Comendador Jacinto S. Lima, 1129 - Ubá/MG","(32) 3531 4344",,,compras3@mundialacabamentos.com.br
"A Mundial Ferragens",publish,Brasil,"Minas Gerais",Viçosa,"Av. P.H. ROLFS, 215 - Viçosa/MG","(31) 3891 1441",,,compras3@mundialacabamentos.com.br
"A Mundial Ferragens",publish,Brasil,"Minas Gerais","Ponte Nova","Av. Francisco V. Martins, 1035 - Ponte Nova/MG","(31) 3817 3291",,,shop@mundialacabamentos.com.br
"A Mundial Ferragens",publish,Brasil,"Minas Gerais",Muriaé,"Rua Benedito Valadares, 512 - Muriaé/MG","(32) 3722 2522",,,compras3@mundialacabamentos.com.br
"A Mundial Ferragens - Juiz de Fora I",publish,Brasil,"Minas Gerais","Juiz de Fora","Av. Brasil, 1160 - Juiz de Fora/MG","(32) 3215 3089",,,compras3@mundialacabamentos.com.br
Primacon,publish,Brasil,"Mato Grosso","Primavera do Leste","Rua Rondonópolis, 180 - Primavera do Leste/MT","(66) 3498 1225",,,
"Hidroforma Metais e Revestimentos",publish,Brasil,Paraná,Curitiba,"Rua Coronel Dulcidio, 926 - Curitiba/PR","(41) 3243 3299",,,atendimento@hidroforma.com.br
"Formaris de Banho",publish,Brasil,Paraná,Curitiba,"Rua Francisco Rocha, 630 - Curitiba/PR","(41) 3029 6070",,,compras@formaris.com.br
Impermix,publish,Brasil,Paraná,Curitiba,"Rua Alferes Poli, 1199 - Curitiba/PR","(41) 3213 2244",,,cobranca@impermix.com.br
Arquidesign,publish,Brasil,Paraná,"União da Vitória","Av. Manoel Ribas, 791 - União da Vitória/PR","(42) 3523 7690",,,arq-2000@hotmail.com
"Requintte Louças e Metais",publish,Brasil,"Santa Catarina",Blumenau,"Rua Joinville, 463 - Blumenau/SC","(47) 3037 1775",,,silvio@requintte.com.br
"Camatti Acabamentos",publish,Brasil,"Santa Catarina",Chapecó,"Rua General Osório, 125 D - Chapecó/SC","(49) 3323 3934",,https://www.camatti.com.br/,camatti@camatti.com.br
"Gavasso Materiais Hidráulicos",publish,Brasil,"Santa Catarina",Concórdia,"Rua 29 de Julho, 233 - Concórdia/SC","(49) 3442 2291",,,gavasso@gavasso.net
"Serra Dourada",publish,Brasil,"Mato Grosso",Rondonópolis,"Rua Rio Branco, 1871 - Rondonópolis/MT","(66) 3410 4200",,,souzaebraga@terra.com.br
"Baden Banho",publish,Brasil,Paraná,Curitiba,"Av. Vicente Machado, 800. Batel - Curitiba - PR","41 3225 5782",,,compras@badenbanho.com.br
Decorbanho,publish,Brasil,"Santa Catarina","Balneário Camboriú","Rua 500, 155 - Balneário Camboriú/SC","(47) 3360 0281",,,decorbanho@hotmail.com
"Gripa Banheiros e Lavabos",publish,Brasil,"Santa Catarina",Brusque,"Rua Guilherme Wegner, 51 - São Pedro, Brusque/SC","(47) 3351-2602","(47) 9989-2262",,gripabanheiro@hotmail.com
"Ebert Materiais para Construção",publish,Brasil,"Santa Catarina",Indaial,"Rua Marechal Deodoro da Fonseca, 445 - Indaial/SC","(47) 3333-0198","(47) 98406-6672",https://www.ebert.com.br/,compras@ebert.com.br
"Portofino Americana",publish,Brasil,"São Paulo",Americana,"Av. Brasil, 416 - Americana/SP","(19 )3407 0994",,,portofinoamericana@terra.com.br
"Tedeschi Metais e Acessórios Ltda",publish,Brasil,"São Paulo",Marília,"Rua Antonio Augusto Neto, 38 - Marília/SP","(14) 3433 4686",,,tedeschi.metais@terra.com.br
"Luxus Acabamentos",publish,Brasil,"Rio Grande do sul","Santa Cruz do Sul","Av. do Imigrante, 370, Centro - Santa Cruz do Sul/RS","(51) 3715 2900",,https://luxusacabamentos.com.br/,
"Stilo Elevato",publish,Brasil,"Rio Grande do sul","Porto Alegre","Av. Nilo Peçanha, 713, B, Petrópolis - Porto Alegre/RS","(51) 3333 8200",,,stilo@elevato.com.br
"Pastilhart Comércio de Revestimentos p/ Construção",publish,Brasil,Paraná,Curitiba,"Av. Nossa Senhora Aparecida, 1054 - B, Seminário - Curitiba/PR","(41) 3336 1973",,pastilhart.com.br,comercial@pastilhart.com.br
"Show Banho Ltda ME",publish,Brasil,Paraná,Curitiba,"R. Padre Agostinho, nº 549 - B, Mercês - Curitiba/PR",,,,showbanho@showbanho.com.br
"Sol e Ar Mundo Água",publish,Brasil,"Minas Gerais","Belo Horizonte","Av. Nossa Senhora do Carmo, 1290 - Belo Horizonte/MG","(31) 3289 8888",,"mundoagua.com.br   https://solear.com.br/",contato@solear.com.br
"Elmec Sucursal Brisas del Golf",publish,Panamá,Panamá,"Cidade do Panamá","0869, Brisas del Golf, Panamá","(507) 217 6890",,https://elmec.com.pa,atencion@elmec.net
"Elmec Sucursal Vía Israel",publish,Panamá,Panamá,"Cidade do Panamá","Vía Israel &amp;, C. 75 Este, Panamá","(507) 322 6900",,https://elmec.com.pa,atencion@elmec.net
"Elmec Sucursal Vista Hermosa",publish,Panamá,Panamá,"Cidade do Panamá","Cidade do Panamá, Panamá",(507)278.6900,,https://elmec.com.pa,atencion@elmec.net
"Elmec Sucursal La Chorrera",publish,Panamá,"Panamá Oeste","La Chorrera","Avenida Las Américas, La Chorrera, Panamá","(507) 253 9784",,https://elmec.com.pa,atencion@elmec.net
"Elmec Sucursal Coronado",publish,Panamá,"Panamá Oeste","Las Lajas","Pan-American Hwy, Las Lajas, Panamá Oeste, Panamá","(507) 240 1100",,https://elmec.com.pa,atencion@elmec.net
"Elmec Sucursal David",publish,Panamá,Chiriquí,David,"Design Plaza, Frente al Jorón Zebede., Vía Boquete, David, Panamá","(507) 775.8000",,https://elmec.com.pa,atencion@elmec.net
"Elmec Costa Rica",publish,"Costa Rica","San José","San José","Carretera principal de Pavas Frente a La Artística, San José, 1000, Costa Rica","2291 3853",,https://elmeccr.com/,contacto@elmec.net
"MK Las Condes",publish,Chile,"Región Metropolitana","Santiago del Chile","Av. las Condes 11400, Vitacura, Región Metropolitana, Chile","'+562 2678 9000",,https://www.mk.cl,
"MK Antofagasta",publish,Chile,Antofagasta,Antofagasta,"José Miguel Carrera 1553, Antofagasta, Chile","'+562 2678 8110",,https://www.mk.cl,
"MK Iquique",publish,Chile,Tarapacá,Iquique,"Av. Francisco Bilbao 3416, Iquique, Tarapacá, Chile","'+562 2678 8120",,https://www.mk.cl,
"MK La Serena",publish,Chile,Coquimbo,Coquimbo,"Av. Juan Cisternas #2094, Coquimbo, La Serena, Coquimbo, Chile","'+562 2678 8150",,https://www.mk.cl,
"MK Temuco",publish,Chile,Araucanía,Temuco,"920 Av. Alemania Temuco, chile","'+562 2678 8230",,https://www.mk.cl,
"MK Viña del mar",publish,Chile,Valparaíso,"Viña del Mar","614 8 Nte. Viña del Mar, Chile","'+562 2678 8160",,https://www.mk.cl,
"MK Concepción",publish,Chile,"Bío Bío",Concepción,"Víctor Lamas 1090, Concepción, Bío Bío, Chile","'+562 2678 8210",,https://www.mk.cl,
"MK Chillán",publish,Chile,"Bío Bío",Chillán,"San Alberto, Chillan, Chillán, Bío Bío, Chile","'+562 2678 8228",,https://www.mk.cl,
"MK Osorno",publish,Chile,"Los Lagos",Osorno,"Diego Barros Arana 1350, Local 1, Osorno, Los Lagos, Chile","'+562 2678 8203",,https://www.mk.cl,
"MK Puerto Montt",publish,Chile,"Los Lagos","Puerto Montt","Parque Industrial 556-584, Puerto Montt, Los Lagos, Chile","'+562 2678 8250",,https://www.mk.cl,
"MK Rancagua",publish,Chile,O'Higgins,Rancagua,"Av. Capitán Ramón Freire 603, Rancagua, O'Higgins, Chile","'+562 2678 8180",,https://www.mk.cl/,
"MK Talca",publish,Chile,Maule,Talca,"1330 Calle 30 Ote. Talca, Maule, Chile","'+562 2678 8190",,https://www.mk.cl/,
"Ipale Alta Gama",publish,Paraguai,"Distrito Capital",Asunción,"Av. Mariscal López 2330, Asunción, Paraguai","'+59521 613 543",,https://www.ipale.com.py/,recepcion@ipale.com.py
"TUMPAR Diseño",publish,Bolívia,"Santa Cruz de la Sierra","Santa Cruz de la Sierra","Av Cristo Redentor, Santa Cruz de la Sierra, Bolívia","'+591 76601060",,,
"TUMPAR Diseño",publish,Bolívia,"Santa Cruz de la Sierra","Santa Cruz de la Sierra","Av. Busch, Santa Cruz de la Sierra, Bolívia",,,,
"Ferco Design",publish,Guatemala,Guatemala,"Ciudad de Guatemala","20 calle 12-84, Cdad. de Guatemala 01010, Guatemala","'+502 2417 3000",,,
"Ferco CEDI",publish,Guatemala,Guatemala,"Ciudad de Guatemala","Calz. la Paz, Cdad. de Guatemala, Guatemala","'+502 2421 9000",,,
"San Martín Plaza Ferco",publish,Guatemala,Guatemala,"Ciudad de Guatemala","20 Calle 12-84 Zona 10, Cdad. de Guatemala 01010, Guatemala","'+502 2244 1700",,,
"Ferco Honduras",publish,Honduras,"Distrito Central",Tegucigalpa,"Anillo Periférico, Tegucigalpa, Honduras","'+502 2202 5150",,,
"Ferco Juan Pablo II",publish,"El Salvador","San Salvador","San Salvador","Prolongación Alameda Juan Pablo II No. 353, San Salvador, El Salvador","'+503 2510 8888",,,
"Ferco Centro de Distribución SV",publish,"El Salvador","San Salvador","San Salvador","Prolongación, Alameda Juan Pablo II, San Salvador, El Salvador","'+503 2510 8888",,,
Ferco,publish,"El Salvador","San Salvador","San Salvador","MQQ5+HHG, San Salvador, El Salvador",,,,
"ENE Banheiras",publish,Brasil,"São Paulo","São Paulo","Avenida Moreira Guimarães, 1.097 – Indianópolis – São Paulo/SP – 04074-031","(11) 2533-2503","(11) 97158-2402",https://enebanheiras.com.br/,atendimento@enebanheiras.com.br
Refinare,publish,Brasil,Pernambuco,Recife,"Av. Conselheiro Rosa e Silva, 1137 - Aflitos, Recife - PE, 52050-020","(81) 3031-6763","(81) 99186-7266",www.refinare.com.br,
Refinare,publish,Brasil,Pernambuco,Recife,"R. Artur Muniz, 223 - Boa Viagem, Recife - PE, 51111-190","(81) 3031-6763","(81) 99186-7266",www.refinare.com.br,
Refinare,publish,Brasil,Pernambuco,Caruaru,"Av. Agamenon Magalhães, 885 - Maurício de Nassau, Caruaru - PE, 55014-000","(81) 3031-6763","(81) 99186-7266",www.refinare.com.br,
Profatto,publish,Brasil,"Santa Catarina",Florianópolis,"R. Antônio Carlos Ferreira, 219 - Agronômica, Florianópolis - SC, 88025-210","(48) 3207-2222",,https://profatto.com.br/,
Elevato,publish,Brasil,"Rio Grande do sul","Porto Alegre","R. 24 de Outubro, 1241 - Auxiliadora, Porto Alegre - RS, 90510-003","51 98187-8962",,https://elevato.com.br,andreia.mennella@elevato.com.br
"Elevato (Moinhos)",draft,,,,,,,,
"Ideale Acabamentos",publish,Brasil,"Minas Gerais","Sete Lagoas","Av. Getúlio Vargas, 289 - Centro, Sete Lagoas - MG, 35700-046","(31) 97152-3381",,https://www.idealeacabamentos.com.br,comunicacao@idealeacabamentos.com.br
Divetro,publish,Brasil,Ceará,Horizonte,"Av. Pres. Castelo Branco, 5871 - Gameleira, Horizonte - CE, 62880-000","(85) 99171-2927",,,
"Espaço Revestt",publish,Brasil,Paraíba,Cabedelo,"R. José Rubenildo da Silva, 202 - Renascer, Cabedelo - PB, 58108-152","(83) 98844-7901","(83) 3247.5881",http://www.espacorevestt.com.br/,gerencia@espacorevestt.com.br
"Desjoyaux Piscinas SP",publish,Brasil,"São Paulo","Ribeirão Preto","R. Hermínia Gugliano, 75 - Alto da Boa Vista, Ribeirão Preto - SP, 14025-639","(16) 99600-6006","(16) 3621-9770",https://www.desjoyauxsp.com.br/,contato@desjoyauxsp.com.br
"Ibiza Banho",publish,Brasil,"São Paulo","São Paulo","R. dos Pinheiros, 551 - Pinheiros, São Paulo - SP, 05422-011","(11) 3061-2780",,http://www.ibizagroup.com.br/,contato@ibizagroup.com.br
"Versato Acabamentos",publish,Brasil,Goiás,Goiânia,"R. 146, 379 - St. Marista, Goiânia - GO, 74170-090","(62) 3945 0075","(62) 98559 0435",https://www.versatoacabamentos.com.br/,contato@versatoacabamentos.com.br
"Monet Pisos e Acabamentos",publish,Brasil,Goiás,Goiânia,"Av. T-13, 278 - 11 - St. Bela Vista, Goiânia - GO, 74823-400",06239324652,,https://monetacabamentos.com.br/,
"FINITURA - OBJETIVA ATACADISTA DA CONSTRUCAO LTDA",publish,Brasil,"Distrito Federal",Brasília,"ST SGCV LOTE 2 - ZONA INDUSTRIA",(61)3462-3513,,,reinaldo.objetiva@gmail.com
"PAULO ADRIANO ADM E INCORP DE IMOVEIS LTDA",publish,Brasil,"Distrito Federal",Brasília,"R RUA 5 CHACARA 116 - LOTE 1D",(61)98428-1315,,,msmoveisplanejados@yahoo.com.br
"REVESTE ENGENHARIA LTDA",publish,Brasil,"Distrito Federal",Brasília,"ST SHIS QI 26 CL BLOCO B/E SALA 203 - ST DE HABIT INDIV SUL",(61)3274-0274,,,administrativo@revestengenharia.com
"JF BANHO",publish,Brasil,"Distrito Federal",Brasília,"Q SOFN QUADRA 3 CONJUNTO A N. 05 - ZONA INDUSTRIAL",(61)3703-1206,,,jfbanho@gmail.com
"ARQUITETO HOME - NOVA MUTUM",publish,Brasil,"Mato Grosso","Nova Mutum","R DOS AMAPAS 194 W CENTRO",(65)3611-5000,,,gerentemutum@arquitetohome.com.br
"ARQUITETO HOME - LUCAS DO RIO VERDE",publish,Brasil,"Mato Grosso","Lucas do Rio Verde","AV RIO GRANDE DO SUL 672 E - CENTRO",(65)3549-1112,,,gerentelucas@arquitetohome.com.br
"ARQUITETO HOME - SINOP",publish,Brasil,"Mato Grosso",Sinop,"R COLONIZADOR ENIO PIPINO, 2627A - SETOR INDUSTRIAL SUL",(66)3211-4707,,,gerentesinop@arquitetohome.com.br
"ARQUITETO HOME - SORRISO",publish,Brasil,"Mato Grosso",Sorriso,"AV TANCREDO NEVES, 2803 - BELA VISTA",(66)3544-4141,,,gerentesorriso@arquitetohome.com.br
"COMAPA - DAMASCENO COM DE MAT PARA CONSTR LTDA",publish,Brasil,"Mato Grosso",Rondonópolis,"AVENIDA SOTHERO SILVA, 1097, QUADRA 5, LOTE 17 - VILA AURORA",(66)3411-6590,,,anamontanher@comapa.com.br
"Cor e Piso - Caicó",publish,Brasil,"Rio Grande do Norte",Caicó,"R. Dr. Renato Dantas, 448","(84) 99131-2662",,https://www.instagram.com/corepiso/,
"Cor e Piso - Natal",publish,Brasil,"Rio Grande do Norte",Natal,"Av. Hermes da Fonseca, 1240 a - Tirol","(84) 2030-1514",,https://www.instagram.com/corepisonatal_/,
"AGRO BOI",publish,Brasil,Acre,"Rio Branco","Av. Ceará 3795 - Abrahao Alab","(68) 2106 5614",,www.agroboinet.com.br,compras1@agroboinet.com.br
"YINTEC MATERIAIS E SOLUÇÕES INTEGRADAS",publish,Brasil,Rondônia,Vilhena,"Av. José do Patrocínio 4455 - Centro","(69) 3321 4240",,,comercial@marcusleaoarquitetura.com
"EVIMERIA ENGENHARIA E AQUITETURA",publish,Brasil,Rondônia,"Pimenta Bueno","Rua Alcinda Ribeiro de Souza 261 - Sala A","(69) 9 9370 2827",,,macawdesignboutique@gmail.com
"FORNARI CAMPO GRANDE",publish,Brasil,"Mato Grosso do Sul","Campo Grande","Av. Ceará, 1358 - Santa Fe","(67) 3323-9600",,http://armazemfornari.com.br/,
"FORNARI DOURADOS",publish,Brasil,"Mato Grosso do Sul",Dourados,"R. Monte Alegre, 1520 - Jardim America, Dourados ","(67) 99940-7289",,,
"FORNARI SÃO GABRIEL DO OESTE",publish,Brasil,"Mato Grosso do Sul","São Gabriel do Oeste","Av. São Francisco, 1320 - Lot. Capao Redondo II",,,,
"Cerqueira Stylo",publish,Brasil,Bahia,,"Alameda das Espatódeas, 240","71 3353-0380",,https://portteporcelanato.com.br/,mkt@portteporcelanato.com.br
Pavimenti,publish,Brasil,Bahia,Salvador,"Alameda das Espatódeas, 194 - Caminho das Árvores","71 98845-9848",,https://pavimenti.com.br/,
"Stylo Cerqueira Boutique",publish,Brasil,Bahia,"Feira de Santana","Avenida Eduardo Fróes da Mota, 3322","75 3322-5060",,,
"Irmãos Queiroz - Lauro Freitas",publish,Brasil,Bahia,"Lauro Freitas","Est do Côco, Km 4,5","(71) 9 9648-9279",,,
"Irmãos Queiroz -  Itacimirim",publish,Brasil,Bahia,,"BA 099, Itacimirin, na entrada de Itacimirin, nº 1","(71) 9 9179-1036",,,
"Irmãos Queiroz - Shopping Bela Vista",publish,Brasil,Bahia,"Bela Vista","Alameda Euvaldo Luz, 92 / Horto","(71) 9 9730-1387",,,
"Alpha Home Boutique",publish,Brasil,Bahia,,"Rua Garibaldi s/n, Qd01 Lt02A - Loteamento alphaville",71987282919,,,
"Terrazzo Decor",publish,Brasil,Bahia,"Luis Eduardo Magalhães","Rua Jorge Amado 622 - Jardim Paraiso ","77 9976-3686",,,
"KOR HOME DESIGN",publish,Brasil,Bahia,Ilhéus,"Av. Itabuna, 350 - Conquista","(73) 99913-3003",,https://www.instagram.com/kor.studio.ilheus/,
"Essenza Acabamentos e Revestimentos",publish,Brasil,"Rio Grande do sul","Bento Gonçalves","R. Xingu, 464 - São Bento, Bento Gonçalves - RS","(54) 3085-0020",,https://www.essenzarevestimentos.com.br/,
ZART,publish,Brasil,"Rio Grande do sul","Caxias do Sul","Rua Guerino Sanvitto, 767 - Medianeira, Caxias do Sul - RS","(54) 99646-2530",,https://www.facebook.com/zartcaxias/,
"Piso Center",publish,Brasil,"Rio Grande do sul",Erechim,"Rua Santos Dumont, 1120 - Sao Cristovao, Erechim - RS","54 3522-3111",," www.pisocenter.com",
"Idealizza Soluções Hidráulicas",publish,Brasil,"Rio Grande do sul",Gramado,"R. Santos Dumont, 150 - Piratini, Gramado - RS","(54) 3286-2326",,https://www.idealizzagramado.com.br/,
"Caleve Piscinas",publish,Brasil,"Rio Grande do sul",Ijuí,"Av. David José Martins, 710 - Centro, Ijuí - RS","(55) 3332-5000",,https://caleve.com.br/pagina-inicial/,
"La Caza Acabamentos",publish,Brasil,"Rio Grande do sul",Marau,"Av. Barão do Rio Branco, 147 - Centro, Marau - RS","(54) 2241-0029",,https://www.lacazaacabamentos.com.br/,
"Inovar Acabamentos",publish,Brasil,"Rio Grande do sul","Novo Hamburgo","R. Vinte e Quatro de Maio, 21 - Rio Branco, Novo Hamburgo - RS","(51) 3584-7000",,https://inovaracabamentos.com.br/,
"Hidro Quente Comércio de Aquecimento e Energia",publish,Brasil,"Rio Grande do sul","Passo Fundo","R. Gen. Canabarro, 604 - Centro, Passo Fundo - RS"," (54) 3045-6182",,https://hidroquente.com.br/,
Pisocenter,publish,Brasil,"Rio Grande do sul","Passo Fundo","Av. Brasil Leste, 794 - Centro, Passo Fundo - RS","(54) 3254-0270",,https://www.instagram.com/pisocenter.acabamentos/,
"Toque Divino Pisos e Revestimentos",publish,Brasil,"Rio Grande do sul","Passo Fundo","Av. 7 de Setembro, 166A - Centro, Passo Fundo - RS"," (54) 3045-3887",,https://linktr.ee/toquedivinoacabamentos,
Materiali,publish,Brasil,"Rio Grande do sul",Pelotas,"R. Dr. Cláudio Manoel da Costa, 1590 - Areal, Pelotas - RS","(53) 3028-7828",,https://materiali.com.br/,
"Hidrotec - Porto Alegre",publish,Brasil,"Rio Grande do sul","Porto Alegre","Av. Sertório, 1789 - São João, Porto Alegre - RS","(51) 3342-3344",,https://hidrotecpiscinas.com.br/,
"Spazio Del Bagno",publish,Brasil,"Rio Grande do sul","Porto Alegre","R. Mariante, 379 - Rio Branco, Porto Alegre - RS","(51) 3076-5777",,https://www.spaziodelbagno.com.br/,
"Hidrotec - Santa Rosa",publish,Brasil,"Rio Grande do sul","Santa Rosa","Av. Rio Branco, 120 - Centro, Santa Rosa - RS","(55) 3512-6100",,https://hidrotecpiscinas.com.br/,
"Formatto – Construção e Acabamentos - Santo Angelo",publish,Brasil,"Rio Grande do sul","Santo Ângelo","R. Mal. Floriano, 1057 - Centro, Santo Ângelo - RS","(55) 3313-5032",,https://formatto.ca/,
"Lojas Fricke - Santo Ângelo",publish,Brasil,"Rio Grande do sul","Santo Ângelo","Av. Brasil, 671 - Centro, Santo Ângelo - RS","(55) 3312-1761",,https://www.loja.fricke.com.br/,
"Hidrotec - Xangri-lá",publish,Brasil,"Rio Grande do sul",Xangri-lá,"Av. Paraguassu, 5000 - XANGRI-LÁ, Xangri-lá - RS","(51) 2360-0004",,https://hidrotecpiscinas.com.br/,
"Le Finiture Acabamentos",publish,Brasil,"Rio Grande do sul",Taquara,"Av. Sebastião Amoretti, 1565 - sala 02, Taquara - RS","(51) 3786-6074",,https://www.lefiniture.com/,
"A. Polo & Cia",publish,Brasil,"Rio Grande do sul","São Marcos","R. Vinte e Sete de Janeiro, 87 - São Marcos, RS","(54) 3291-1319",,https://linktr.ee/apoloap,
"Inova Banho e Lazer",publish,Brasil,"Rio Grande do sul","Nova Prata","Av. Imperatriz Leopoldina, 311","54 9 9931-9135",,,inovabanhoelazer@gmail.com
"Revest Porto Rico",publish,Brasil,Paraná,"Porto Rico","R. Rio Javali, 1231, Porto Rico - PR, 87950-000","(44) 3141-5141",,,
"Revest Sarandi",publish,Brasil,Paraná,Sarandi,"R. Antônio Volpato, 1928 - Jardim Europa, Sarandi - PR, 87111-011","(44) 3126-2000",,,
"Revest Atelier",publish,Brasil,Paraná,Maringá,"Av. Gastão Vidigal, 22 - Zona 08, Maringá - PR, 87050-440","(44) 3024-9002",,,
"Casa do SPA Banheiras e Ofurôs",publish,Brasil,Paraná,Curitiba,"AL DR CARLOS DE CARVALHO, 1025 - Batel - Curitiba","(41) 3045-0205",,www.casadospa.com.br,orcamentos@casadospa.com.br
"Metal Comércio",publish,Brasil,Ceará,Fortaleza,"Av. Antônio Sales,3246 - Dionísio Torres - 60.135-102","(85) 3261-8333","85 3261-8333",,
"Paralela Acabamentos - Pisos, Revestimentos, Louças e Metais",publish,Brasil,"Mato Grosso do Sul","Campo Grande","Av. da Capital, 282 - Vila Rica, Campo Grande - MS -  79022-180","67 3027-1020",,,
"Alianda Comércio de Pisos e Azulejos",publish,Brasil,"Santa Catarina",,"Av. Centenário, 242 - Sala 2 - Criciúma - SC","48 99981 5238","48 3438 1753",,
"Nobili Acabamentos & Revestimentos",publish,Brasil,"Santa Catarina",Turvo,"Rua Angelo Andrea Scarabello 439 - Turvo - SC","48 9188 4984",,,
Revestir,publish,Brasil,"Santa Catarina",Araranguá,"Rua Governador Jorge Lacerda, 516 - Alto Feliz - 88900-000 - Araranguá - SC",483524-2478,,,
"JF Tramontin Acabamentos",publish,Brasil,"Santa Catarina",Criciúma,"Rua Julio Gaidzinki, 461 - Bairro Cruzeiro do Sul - 88811-022 - Criciúma - SC","48 3432 4995",,,
"Cia da Cerâmica",publish,Brasil,"Santa Catarina","Braço do Norte","Rod SC 438 - Km 185 - Rio Bonito - Braço do Norte - SC","48 3658 2393",,,
"Metal Comércio",publish,Brasil,Ceará,Fortaleza,"Av. Antônio Sales,3246- Dionísio Torres - 60.135-102 - Fortaleza - CE"," (85) 3261-8333",,,
"Estar Acabamentos",publish,Brasil,"Rio Grande do sul",Alegrete,"Av. Barão do Amazonas, 488 - Centro - 97542-100",55-98408-4425,,'@estaracabamentos,
"Elevato - Cachoeira do Sul",publish,Brasil,"Rio Grande do sul","Cachoeira do Sul","AV BRASIL, 500- SALA 1 E 2 - BAIRRO: DREWS - CACHOEIRA DO SUL – CEP: 96501-012",51-3570-1313,,,
"Elevato Camaquã",publish,Brasil,"Rio Grande do sul",Camaquã,"RUA BENTO GONÇALVES, 717 - CENTRO - CEP: 96780030 - CAMAQUÃ - RIO GRANDE DO SUL.  ","(51) 3671.4933",,,
"Elevato Canguçu",publish,Brasil,"Rio Grande do sul",Canguçu,"RUA: FERNANDO OSÓRIO, 1399 CENTRO – CANGUÇÚ - RS, CEP: 96.600-000","(53) 3252-1157 ","(53) 99955-0117",,
"Elevato Canoas",publish,Brasil,"Rio Grande do sul",Canoas,"Av Dr Sezefredo A Vieira , 2316 - Marechal Rondon - Canoas - RS CEP 92020-020",(51)3061-4600,,,
Macopan,publish,Brasil,"Rio Grande do sul",Carazinho,"Av. Flores da Cunha, 3535 - Operária, Carazinho - RS, 99500-000","(54) 3311-3900",,,
"Labella Acabamentos",publish,Brasil,"Rio Grande do sul",Carazinho,"Av. Pátria, 329 - Centro, Carazinho - RS, 99500-000",54-99712-2030,,,
"Detalhes Acabamentos",publish,Brasil,"Rio Grande do sul",Erechim,"Dr. Sidney Guerra, 1301 - Copas Verdes - Erechim ",54-99617-1768,,,
"Idealizza Soluções Hidraulicas",publish,Brasil,"Rio Grande do sul",Gramado,"Rua Santos Dumont, 150 Bairro Piratini - Gramado CEP 95671-160"," 54-32862326",,,'@idealizzasolucoeshidraulicas
"Elevato Gramado",publish,Brasil,"Rio Grande do sul",Gramado,"Rua Emilio Leobet, 1456 Bairro Dutra - Gramado CEP 95672-024",,,,'@elevatogramado
"Elevato Gravatai",publish,Brasil,"Rio Grande do sul",Gravataí,"ITACOLOMI, 3340 - ALPHAVILLE - GRAVATAI -CEP: 94.155-222","(51) 3247-7077",,,
"Elevato Guaíba",publish,Brasil,"Rio Grande do sul",Guaíba,"AV NESTOR DE MOURA JARDIM, 1380 LJ 03 GUAÍBA CEP: 92700-010",(51)2042-0813,,,
"La Caza Acabamentos",publish,Brasil,"Rio Grande do sul",Marau,"Av. Barão do Rio Branco, 147 - Centro - Marau",54-22410029,,,
Madecenter,publish,Brasil,"Rio Grande do sul",Marau,"ua Bento Gonçalves, 1568 - Bairro Planalto - Marau",54-99179-4673,,,
"Elevato Passo Fundo",publish,Brasil,"Rio Grande do sul","Passo Fundo","Av Brasil Leste , 2147 - Petropolis - Passo Fundo- CEP 99.050-073","(54) 3310-0303",,,
"Elevato Laranjal - Pelotas",publish,Brasil,"Rio Grande do sul",Pelotas,"RUA ADOLFO FETTER, 475 BAIRRO: LARANJAL – PELOTAS/RS , CEP: 96083-094","(53) 3030-1313",,,
"Espaço Revestir",publish,Brasil,"Rio Grande do sul",Pelotas,"R. Rafael Pinto Bandeira, 2129 - Areal, Pelotas - RS, 96020-690","(53) 99936-4945",,,
"Elevato Cassino - Rio Grande",publish,Brasil,"Rio Grande do sul","Rio Grande","AV RIO GRANDE, 571 – SALA 02 , CEP: 96.205-001 BAIRRO: CASSINO – RIO GRANDE","(53) 3010-1313",,,
"Elevato Sapiranga",publish,Brasil,"Rio Grande do sul",Sapiranga,"RUA PADRE REUS,499 - BAIRRO CENTRO CEP: 93800-036","(51) 2399-0920",,,
"Elevato Taquara",publish,Brasil,"Rio Grande do sul",Taquara,"RUA ERNESTO ALVES, 2638 SALA 01 - CENTRO - TAQUARA - RS- CEP: 95600-034","(51) 2399-0920",,,
"Elevato Torres",publish,Brasil,"Rio Grande do sul",Torres,"AV CASTELO BRANCO, 1010- LJ 20 E 21 BAIRRO: ENGENHO VELHO – TORRES/RS, CEP: 95.560-000","(51) 2399-0920",,,
"Nobre Acabamentos",publish,Brasil,"Rio Grande do sul","Venâncio Aires","R. Osvaldo Aranha, 2305 - Cidade Alta, Venâncio Aires - RS, 95800-000","(51) 3741-7092",,,
"Luxus Acabamentos",publish,Brasil,"Rio Grande do sul",Xangri-lá,"Av. Paraguassu, 4001 - Atlândida, Xangri-lá - RS, 95588-000","(51) 98255-0141",,,
"Elevato Joinville",publish,Brasil,"Santa Catarina",Joinville,"Rua Doutor João Colin, 1090 - Bairro America",,,,
"Elevato Jaraguá do Sul",publish,Brasil,"Santa Catarina","Jaraguá do Sul","Rua Barão do Rio Branco, 1000 - Centro",,,,
"Elevato Garopaba",publish,Brasil,"Santa Catarina",Garopaba,"ROD SC 434 KM 07 – BAIRRO ENCANTADA – GAROPABA CEP: 88.495-000",,,,
"Elevato Palhoça",publish,Brasil,"Santa Catarina",Palhoça,"Av Atilio Pedro Pagani, 833 - Lj 01 - Pagani- Palhoça - SC -CEP: 88.132-149",,,,
"Wellness Shop by Elevato",publish,Brasil,"Rio Grande do sul","Porto Alegre","R. Carlos Huber, 859 - Três Figueiras, Porto Alegre - RS, 91330-150","(51) 2165-4200",,,
"Banheiras Design",publish,Brasil,"São Paulo","São Paulo","Av. dos Bandeirantes, 5399 Planalto Paulista - São Paulo - SP",,,,
Daaron,publish,Brasil,"São Paulo","São Paulo","Alameda Gabriel Monteiro da Silva, 2138 Jardim América - São Paulo - SP",,,,
Decora,publish,Brasil,"São Paulo","Santana de Parnaíba","Estr. Municipal Bela Vista, 917 lj. 276 Shop. da Construção - Alphaville - Santana de Parnaíba - SP",,,,
Equipágua,publish,Brasil,"São Paulo","São Paulo","Av. Morumbi, 7930 Brooklin - São Paulo - SP",,,,
"Ibiza The Brands",publish,Brasil,"São Paulo","São Paulo","Alameda Gabriel Monteiro da Silva, 1282 Jardim América - São Paulo - SP",,,,
"Ibiza Villa",publish,Brasil,"São Paulo","São Paulo","Rua Fradique Coutinho, 100 Pinheiros - São Paulo - SP",,,,
"Interbagno Campinas",publish,Brasil,"São Paulo",Campinas,"Rua Maria Monteiro, 314 Cambuí - Campinas – SP",,,,
"Mundo das Banheiras",publish,Brasil,"São Paulo","São Paulo","Av. dos Bandeirantes, 5287 Planalto Paulista - São Paulo - SP",,,,
"Nicetubs Bandeirantes",publish,Brasil,"São Paulo","São Paulo","Av. dos Bandeirantes, 5434 Planalto Paulista - São Paulo - SP",,,,
"Pastilhacor Praia Grande",publish,Brasil,"São Paulo","Praia Grande","Av. Pres. Costa e Silva, 1213 Boqueirão - Praia Grande - SP",,,,
Personalizze,publish,Brasil,"São Paulo",,"Estr. Municipal Bela Vista, 917 Shop. da Construção - Alphaville - Santana de Parnaíba - SP",,,,
"Staccato Alpha",publish,Brasil,"São Paulo",Barueri,"Al. Araguaia, 661 Alphaville - Barueri - SP",,,,
"Staccato Brasil",publish,Brasil,"São Paulo","São Paulo","Av. Brasil, 1589 - Jardim América, São Paulo - SP, 01430-001",,,,
"Staccato Charles Miller",publish,Brasil,"São Paulo","São Paulo","Pça Charles Miller, 02 Pacaembu - São Paulo -SP",,,,
"Staccato Jundiaí",publish,Brasil,"São Paulo","São Paulo","Av. Nove de Julho, 3380 Centro - Jundiaí - SP",,,,
"Staccato Vila Olímpia",publish,Brasil,"São Paulo","São Paulo","Av. dos Bandeirantes, 1925 Vila Olimpia - São Paulo -SP",,,,
Portilato,publish,Brasil,"São Paulo","São Paulo","Av. Rebouças, 1981 Pinheiros - São Paulo - SP",,,,
Revestimentta,publish,Brasil,"São Paulo",Santos,"Av. Washington Luís, 412 Gonzaga - Santos - SP",,,,
"Walter Beltrame Camobi",publish,Brasil,"Rio Grande do sul","Santa Maria","Estrada RS 509, Km 06 - Bairro Camobi - 97110-620 - Santa Maria - RS","55 3026 5000",,,
"Tetto Conceito Acabamento",publish,Brasil,"Rio Grande do sul","Santa Maria","Av Nossa Senhora das Dores - 97050-531 - Santa Maria - RS","55 3027 5002",,,
